{
  "designerVersion" : "1.6.46",
  "id" : "customTestPaging2",
  "name" : "testPaging2",
  "lastUpdate" : 1545164535796,
  "template" : "<div>\r\n<input type=\"text\" class=\"form-control\" placeholder=\"Filter...\" ng-model=\"filterText\">\r\n      <ul>\r\n         <li ng-repeat=\"item in datas | filter : {firstname: filterText}\">\r\n         <div>{{item.firstname}}</div>\r\n        </li>\r\n      </ul>\r\n      \r\n    <div uib-pagination total-items=\"totalItems\" ng-model=\"currentPage\" items-per-page=\"itemsPerPage\"></div>\r\n</div>\r\n",
  "icon" : "<svg xmlns='http://www.w3.org/2000/svg' viewBox='0 0 50 20'><g><path fill='#868695' d='M36,15v2h11v-2H36z M40,10v2h7v-2H40z M11,10v2h14v-2H11z M3,10v2h3v-2H3z M11,15v2h17v-2H11z M3,15v2h3 v-2H3z'/><path fill='#424251' d='M1,19V1h48v18H1z M0,0v20h50V0H0z'/><path fill='#A7A8B7' d='M1,7v1h7v11h1V8h22v11h1V8h17V7H32V1h-1v6H9V1H8v6H1z'/><path fill='none' stroke='#424251' d='M35,3h12v2H35V3z M11,3h13v2H11V3z M3,3h3v2H3V3z'/></g></svg>",
  "controller" : " \r\n\r\nfunction searchP($scope) {\r\n    \r\n    $scope.page = 1;\r\n    $scope.data = [\r\n  {\r\n    \"firstname\": \"Studio\",\r\n    \"icon\": \"icons/default/icon_user.png\",\r\n    \"creation_date\": \"2018-06-27 13:16:04.905\",\r\n    \"userName\": \"studio\",\r\n    \"title\": \"\",\r\n    \"created_by_user_id\": \"-1\",\r\n    \"enabled\": \"true\",\r\n    \"lastname\": \"\",\r\n    \"last_connection\": \"\",\r\n    \"password\": \"\",\r\n    \"manager_id\": \"0\",\r\n    \"id\": \"22\",\r\n    \"job_title\": \"Studio technical user for preview\",\r\n    \"last_update_date\": \"2018-08-13 11:27:39.599\"\r\n  },\r\n  {\r\n    \"firstname\": \"Giovanna\",\r\n    \"icon\": \"icons/default/icon_user.png\",\r\n    \"creation_date\": \"2018-06-27 13:16:04.905\",\r\n    \"userName\": \"giovanna.almeida\",\r\n    \"title\": \"Mrs\",\r\n    \"created_by_user_id\": \"-1\",\r\n    \"enabled\": \"true\",\r\n    \"lastname\": \"Almeida\",\r\n    \"last_connection\": \"\",\r\n    \"password\": \"\",\r\n    \"manager_id\": \"17\",\r\n    \"id\": \"21\",\r\n    \"job_title\": \"Account manager\",\r\n    \"last_update_date\": \"2018-06-27 13:16:04.905\"\r\n  },\r\n  {\r\n    \"firstname\": \"Daniela\",\r\n    \"icon\": \"icons/default/icon_user.png\",\r\n    \"creation_date\": \"2018-06-27 13:16:04.889\",\r\n    \"userName\": \"daniela.angelo\",\r\n    \"title\": \"Mrs\",\r\n    \"created_by_user_id\": \"-1\",\r\n    \"enabled\": \"true\",\r\n    \"lastname\": \"Angelo\",\r\n    \"last_connection\": \"\",\r\n    \"password\": \"\",\r\n    \"manager_id\": \"1\",\r\n    \"id\": \"17\",\r\n    \"job_title\": \"Vice President of Sales\",\r\n    \"last_update_date\": \"2018-06-27 13:16:04.889\"\r\n  },\r\n  {\r\n    \"firstname\": \"Donghee\",\r\n    \"icon\": \"icons/default/icon_user.png\",\r\n    \"creation_date\": \"2018-07-23 11:19:58.063\",\r\n    \"userName\": \"white\",\r\n    \"title\": \"\",\r\n    \"created_by_user_id\": \"-1\",\r\n    \"enabled\": \"true\",\r\n    \"lastname\": \"Baik\",\r\n    \"last_connection\": \"2018-08-10 16:09:22.956\",\r\n    \"password\": \"\",\r\n    \"manager_id\": \"0\",\r\n    \"id\": \"101\",\r\n    \"job_title\": \"\",\r\n    \"last_update_date\": \"2018-07-23 11:20:56.588\"\r\n  },\r\n  {\r\n    \"firstname\": \"Walter\",\r\n    \"icon\": \"icons/default/icon_user.png\",\r\n    \"creation_date\": \"2018-06-27 13:16:04.827\",\r\n    \"userName\": \"walter.bates\",\r\n    \"title\": \"Mr\",\r\n    \"created_by_user_id\": \"-1\",\r\n    \"enabled\": \"true\",\r\n    \"lastname\": \"Bates\",\r\n    \"last_connection\": \"2018-12-13 09:31:35.004\",\r\n    \"password\": \"\",\r\n    \"manager_id\": \"3\",\r\n    \"id\": \"4\",\r\n    \"job_title\": \"Human resources benefits\",\r\n    \"last_update_date\": \"2018-06-27 13:16:04.827\"\r\n  },\r\n  {\r\n    \"firstname\": \"Isabel\",\r\n    \"icon\": \"icons/default/icon_user.png\",\r\n    \"creation_date\": \"2018-06-27 13:16:04.858\",\r\n    \"userName\": \"isabel.bleasdale\",\r\n    \"title\": \"Mrs\",\r\n    \"created_by_user_id\": \"-1\",\r\n    \"enabled\": \"true\",\r\n    \"lastname\": \"Bleasdale\",\r\n    \"last_connection\": \"\",\r\n    \"password\": \"\",\r\n    \"manager_id\": \"11\",\r\n    \"id\": \"10\",\r\n    \"job_title\": \"Product marketing manager\",\r\n    \"last_update_date\": \"2018-06-27 13:16:04.858\"\r\n  },\r\n  {\r\n    \"firstname\": \"Jan\",\r\n    \"icon\": \"icons/default/icon_user.png\",\r\n    \"creation_date\": \"2018-06-27 13:16:04.858\",\r\n    \"userName\": \"jan.fisher\",\r\n    \"title\": \"Mr\",\r\n    \"created_by_user_id\": \"-1\",\r\n    \"enabled\": \"true\",\r\n    \"lastname\": \"Fisher\",\r\n    \"last_connection\": \"\",\r\n    \"password\": \"\",\r\n    \"manager_id\": \"11\",\r\n    \"id\": \"9\",\r\n    \"job_title\": \"Infrastucture specialist\",\r\n    \"last_update_date\": \"2018-06-27 13:16:04.858\"\r\n  },\r\n  {\r\n    \"firstname\": \"Patrick\",\r\n    \"icon\": \"icons/default/icon_user.png\",\r\n    \"creation_date\": \"2018-06-27 13:16:04.842\",\r\n    \"userName\": \"patrick.gardenier\",\r\n    \"title\": \"Mr\",\r\n    \"created_by_user_id\": \"-1\",\r\n    \"enabled\": \"true\",\r\n    \"lastname\": \"Gardenier\",\r\n    \"last_connection\": \"\",\r\n    \"password\": \"\",\r\n    \"manager_id\": \"5\",\r\n    \"id\": \"6\",\r\n    \"job_title\": \"Financial controller\",\r\n    \"last_update_date\": \"2018-06-27 13:16:04.842\"\r\n  },\r\n  {\r\n    \"firstname\": \"Thorsten\",\r\n    \"icon\": \"icons/default/icon_user.png\",\r\n    \"creation_date\": \"2018-06-27 13:16:04.842\",\r\n    \"userName\": \"thorsten.hartmann\",\r\n    \"title\": \"Mr\",\r\n    \"created_by_user_id\": \"-1\",\r\n    \"enabled\": \"true\",\r\n    \"lastname\": \"Hartmann\",\r\n    \"last_connection\": \"\",\r\n    \"password\": \"\",\r\n    \"manager_id\": \"5\",\r\n    \"id\": \"8\",\r\n    \"job_title\": \"Financial planning manager\",\r\n    \"last_update_date\": \"2018-06-27 13:16:04.842\"\r\n  },\r\n  {\r\n    \"firstname\": \"Joseph\",\r\n    \"icon\": \"icons/default/icon_user.png\",\r\n    \"creation_date\": \"2018-06-27 13:16:04.874\",\r\n    \"userName\": \"joseph.hovell\",\r\n    \"title\": \"Mr\",\r\n    \"created_by_user_id\": \"-1\",\r\n    \"enabled\": \"true\",\r\n    \"lastname\": \"Hovell\",\r\n    \"last_connection\": \"\",\r\n    \"password\": \"\",\r\n    \"manager_id\": \"12\",\r\n    \"id\": \"14\",\r\n    \"job_title\": \"Engineer\",\r\n    \"last_update_date\": \"2018-06-27 13:16:04.874\"\r\n  },\r\n  {\r\n    \"firstname\": \"William\",\r\n    \"icon\": \"icons/default/icon_user.png\",\r\n    \"creation_date\": \"2018-06-27 13:16:04.795\",\r\n    \"userName\": \"william.jobs\",\r\n    \"title\": \"Mr\",\r\n    \"created_by_user_id\": \"-1\",\r\n    \"enabled\": \"true\",\r\n    \"lastname\": \"Jobs\",\r\n    \"last_connection\": \"\",\r\n    \"password\": \"\",\r\n    \"manager_id\": \"0\",\r\n    \"id\": \"1\",\r\n    \"job_title\": \"Chief Executive Officer\",\r\n    \"last_update_date\": \"2018-06-27 13:16:04.795\"\r\n  },\r\n  {\r\n    \"firstname\": \"Virgine\",\r\n    \"icon\": \"icons/default/icon_user.png\",\r\n    \"creation_date\": \"2018-06-27 13:16:04.842\",\r\n    \"userName\": \"virginie.jomphe\",\r\n    \"title\": \"Mrs\",\r\n    \"created_by_user_id\": \"-1\",\r\n    \"enabled\": \"true\",\r\n    \"lastname\": \"Jomphe\",\r\n    \"last_connection\": \"\",\r\n    \"password\": \"\",\r\n    \"manager_id\": \"5\",\r\n    \"id\": \"7\",\r\n    \"job_title\": \"Accountant\",\r\n    \"last_update_date\": \"2018-06-27 13:16:04.842\"\r\n  },\r\n  {\r\n    \"firstname\": \"Helen\",\r\n    \"icon\": \"icons/default/icon_user.png\",\r\n    \"creation_date\": \"2018-06-27 13:16:04.827\",\r\n    \"userName\": \"helen.kelly\",\r\n    \"title\": \"Mrs\",\r\n    \"created_by_user_id\": \"-1\",\r\n    \"enabled\": \"true\",\r\n    \"lastname\": \"Kelly\",\r\n    \"last_connection\": \"2018-07-26 15:41:40.803\",\r\n    \"password\": \"\",\r\n    \"manager_id\": \"1\",\r\n    \"id\": \"3\",\r\n    \"job_title\": \"Human resource manager\",\r\n    \"last_update_date\": \"2018-06-27 13:16:04.827\"\r\n  },\r\n  {\r\n    \"firstname\": \"Misa\",\r\n    \"icon\": \"icons/default/icon_user.png\",\r\n    \"creation_date\": \"2018-06-27 13:16:04.905\",\r\n    \"userName\": \"misa.kumagai\",\r\n    \"title\": \"Mrs\",\r\n    \"created_by_user_id\": \"-1\",\r\n    \"enabled\": \"true\",\r\n    \"lastname\": \"Kumagai\",\r\n    \"last_connection\": \"\",\r\n    \"password\": \"\",\r\n    \"manager_id\": \"17\",\r\n    \"id\": \"19\",\r\n    \"job_title\": \"Account manager\",\r\n    \"last_update_date\": \"2018-06-27 13:16:04.905\"\r\n  },\r\n  {\r\n    \"firstname\": \"Marc\",\r\n    \"icon\": \"icons/default/icon_user.png\",\r\n    \"creation_date\": \"2018-06-27 13:16:04.874\",\r\n    \"userName\": \"marc.marseau\",\r\n    \"title\": \"Mr\",\r\n    \"created_by_user_id\": \"-1\",\r\n    \"enabled\": \"true\",\r\n    \"lastname\": \"Marseau\",\r\n    \"last_connection\": \"\",\r\n    \"password\": \"\",\r\n    \"manager_id\": \"12\",\r\n    \"id\": \"13\",\r\n    \"job_title\": \"Engineer\",\r\n    \"last_update_date\": \"2018-06-27 13:16:04.874\"\r\n  },\r\n  {\r\n    \"firstname\": \"Michael\",\r\n    \"icon\": \"icons/default/icon_user.png\",\r\n    \"creation_date\": \"2018-06-27 13:16:04.874\",\r\n    \"userName\": \"michael.morrison\",\r\n    \"title\": \"Mr\",\r\n    \"created_by_user_id\": \"-1\",\r\n    \"enabled\": \"true\",\r\n    \"lastname\": \"Morrison\",\r\n    \"last_connection\": \"\",\r\n    \"password\": \"\",\r\n    \"manager_id\": \"1\",\r\n    \"id\": \"12\",\r\n    \"job_title\": \"Chief Technical Officer\",\r\n    \"last_update_date\": \"2018-06-27 13:16:04.874\"\r\n  },\r\n  {\r\n    \"firstname\": \"Anthony\",\r\n    \"icon\": \"icons/default/icon_user.png\",\r\n    \"creation_date\": \"2018-06-27 13:16:04.889\",\r\n    \"userName\": \"anthony.nichols\",\r\n    \"title\": \"Mr\",\r\n    \"created_by_user_id\": \"-1\",\r\n    \"enabled\": \"true\",\r\n    \"lastname\": \"Nichols\",\r\n    \"last_connection\": \"\",\r\n    \"password\": \"\",\r\n    \"manager_id\": \"17\",\r\n    \"id\": \"18\",\r\n    \"job_title\": \"Account manager\",\r\n    \"last_update_date\": \"2018-06-27 13:16:04.889\"\r\n  },\r\n  {\r\n    \"firstname\": \"Favio\",\r\n    \"icon\": \"icons/default/icon_user.png\",\r\n    \"creation_date\": \"2018-06-27 13:16:04.858\",\r\n    \"userName\": \"favio.riviera\",\r\n    \"title\": \"Mr\",\r\n    \"created_by_user_id\": \"-1\",\r\n    \"enabled\": \"true\",\r\n    \"lastname\": \"Riviera\",\r\n    \"last_connection\": \"\",\r\n    \"password\": \"\",\r\n    \"manager_id\": \"1\",\r\n    \"id\": \"11\",\r\n    \"job_title\": \"Vice President of Marketing\",\r\n    \"last_update_date\": \"2018-06-27 13:16:04.858\"\r\n  },\r\n  {\r\n    \"firstname\": \"April\",\r\n    \"icon\": \"icons/default/icon_user.png\",\r\n    \"creation_date\": \"2018-06-27 13:16:04.811\",\r\n    \"userName\": \"april.sanchez\",\r\n    \"title\": \"Mrs\",\r\n    \"created_by_user_id\": \"-1\",\r\n    \"enabled\": \"true\",\r\n    \"lastname\": \"Sanchez\",\r\n    \"last_connection\": \"\",\r\n    \"password\": \"\",\r\n    \"manager_id\": \"3\",\r\n    \"id\": \"2\",\r\n    \"job_title\": \"Compensation specialist\",\r\n    \"last_update_date\": \"2018-06-27 13:16:04.811\"\r\n  },\r\n  {\r\n    \"firstname\": \"Thomas\",\r\n    \"icon\": \"icons/default/icon_user.png\",\r\n    \"creation_date\": \"2018-06-27 13:16:04.889\",\r\n    \"userName\": \"thomas.wallis\",\r\n    \"title\": \"Mr\",\r\n    \"created_by_user_id\": \"-1\",\r\n    \"enabled\": \"true\",\r\n    \"lastname\": \"Wallis\",\r\n    \"last_connection\": \"\",\r\n    \"password\": \"\",\r\n    \"manager_id\": \"12\",\r\n    \"id\": \"16\",\r\n    \"job_title\": \"Consultant\",\r\n    \"last_update_date\": \"2018-06-27 13:16:04.889\"\r\n  },\r\n  {\r\n    \"firstname\": \"Zachary\",\r\n    \"icon\": \"icons/default/icon_user.png\",\r\n    \"creation_date\": \"2018-06-27 13:16:04.827\",\r\n    \"userName\": \"zachary.williamson\",\r\n    \"title\": \"Mr\",\r\n    \"created_by_user_id\": \"-1\",\r\n    \"enabled\": \"true\",\r\n    \"lastname\": \"Williamson\",\r\n    \"last_connection\": \"\",\r\n    \"password\": \"\",\r\n    \"manager_id\": \"1\",\r\n    \"id\": \"5\",\r\n    \"job_title\": \"Chief Financial Officer\",\r\n    \"last_update_date\": \"2018-06-27 13:16:04.827\"\r\n  },\r\n  {\r\n    \"firstname\": \"Norio\",\r\n    \"icon\": \"icons/default/icon_user.png\",\r\n    \"creation_date\": \"2018-06-27 13:16:04.905\",\r\n    \"userName\": \"norio.yamazaki\",\r\n    \"title\": \"Mr\",\r\n    \"created_by_user_id\": \"-1\",\r\n    \"enabled\": \"true\",\r\n    \"lastname\": \"Yamazaki\",\r\n    \"last_connection\": \"\",\r\n    \"password\": \"\",\r\n    \"manager_id\": \"17\",\r\n    \"id\": \"20\",\r\n    \"job_title\": \"Account manager\",\r\n    \"last_update_date\": \"2018-06-27 13:16:04.905\"\r\n  },\r\n  {\r\n    \"firstname\": \"Mauro\",\r\n    \"icon\": \"icons/default/icon_user.png\",\r\n    \"creation_date\": \"2018-06-27 13:16:04.874\",\r\n    \"userName\": \"mauro.zetticci\",\r\n    \"title\": \"Mr\",\r\n    \"created_by_user_id\": \"-1\",\r\n    \"enabled\": \"true\",\r\n    \"lastname\": \"Zetticci\",\r\n    \"last_connection\": \"\",\r\n    \"password\": \"\",\r\n    \"manager_id\": \"12\",\r\n    \"id\": \"15\",\r\n    \"job_title\": \"Consultant\",\r\n    \"last_update_date\": \"2018-06-27 13:16:04.874\"\r\n  }\r\n]\r\n \r\n  $scope.totalItems = $scope.data.length;\r\n  $scope.currentPage = 1;\r\n  $scope.itemsPerPage = 5;\r\n  $scope.$watch('currentPage', function() {\r\n    var pagedData = $scope.data.slice(($scope.currentPage - 1) * $scope.itemsPerPage, $scope.currentPage * $scope.itemsPerPage);\r\n    $scope.datas = pagedData;\r\n  });\r\n\r\n}\r\n\r\n \r\n\r\n\r\n",
  "description" : "testtesttest",
  "custom" : true,
  "order" : 16,
  "properties" : [ ],
  "assets" : [ {
    "id" : "7f617ec0-38c9-443f-8fb0-bcd3ba3363bd",
    "name" : "ui-bootstrap-tpls-2.5.0.min.js",
    "type" : "js",
    "order" : 5,
    "external" : false
  } ],
  "requiredModules" : [ "ui.bootstrap", "angular.filter" ],
  "type" : "widget",
  "hasHelp" : false
}